textID,selected_text
f87dea47db,
96d74cb729,
eee518ae67,
01082688c6,
33987a8ee5,
726e501993,
261932614e,
afa11da83f,
e64208b4ef,
37bcad24ca,
24c92644a4,
43b390b336,
69d6b5d93e,
5c1e0b61a1,
504e45d9d9,
ae93ad52a0,
9fce30159a,
00d5195223,
33f19050cf,
f7718b3c23,
9ef44428d0,
be634ebeb0,
3dcf4f7e13,
f0ef04109b,
8be365118e,
c50bdd4567,
334954f215,
b783916431,
1fa8e6ad66,
be38b29042,
95701e8ed9,
4dd58ecd2c,
cf553cccd5,
55c69c2d52,
9b1a52cc02,
cce5c4744a,
c7f9d559e2,
3d2478db59,
6d846d7d50,
599f51af6b,
87daa62920,
6506dc55ff,
746d87f93e,
ef7ef8e474,
d3d7b13278,
ddc07db84e,
67afe60d31,
17d18ba9ef,
ab57d75f20,
f0acd25d8e,
cf3b068b03,
d6c34fa875,
614aed9113,
dfa577d3c1,
10dcbe4dfb,
a0bfb12773,
71f4a9b495,
d33ed264b3,
77f88ea9e2,
fe1deac869,
e591a725ef,
2dbb28cc29,
a7e4ad250a,
7d87899024,
461b51fa58,
c31d79c440,
32ee7ef6c2,
29f805a7d2,
d41fe360e4,
a04c8c8695,
25e42b2bf2,
5843d17b1d,
474d10ff48,
38e69da3a1,
972dc5787d,
0ba6aaf9aa,
7a81537034,
311d2b185b,
1e46d72ec6,
390f169584,
58129e4130,
e6c9e5e3ab,
cb5e709de8,
a14b4ff440,
5d57a5eda2,
1e3561e921,
c2ea5cb58b,
cde0016d6d,
5fc411e8d1,
5ffb19ae8f,
76da985a47,
3a98aa4762,
886545bbab,
2afe118dc3,
704c53f4cf,
71fa60d9ff,
c238c4dbb7,
dc73e85417,
af63915fa9,
eb2fc4d281,
f9382a1f7b,
54670ca807,
3ab338c459,
c7c7f7f025,
1256e6a4d2,
990cdeae87,
9a55d83c79,
c8307a482d,
0a21b662a4,
297f7d9e0f,
68901906a4,
3112944847,
8f8334ffa2,
322546026e,
e6c154f9be,
e96d849b35,
124e30d941,
fbb5742bbb,
e90acf3c42,
0b0944285d,
a11da2d3bf,
161bfc7c8a,
4a65010643,
1b460c82f0,
43e91a5488,
410dd99aa3,
b3eadfc565,
480894125b,
001617fca4,
52f2f23473,
e7e27b0c91,
834dc73c0c,
aeb0e9d730,
c672c9da1d,
cbee1946d3,
b1999f0951,
25510fbf89,
bcb9426abb,
0d29624200,
3f0f5891ab,
0b34e66ea3,
11de8c0456,
d5712716e9,
3f90f95beb,
c108e09b19,
7223fdccc2,
f254748cdb,
256453d14f,
8fd01857a9,
37227c0dbf,
20aff2fcb1,
ca223af36e,
90977e9614,
433b1ab9ea,
37771d1bc1,
fa99046452,
14760477ad,
da908a6635,
2053a455e9,
1ea547383b,
6634c62acf,
c7240790da,
08ede23635,
4e87dcff0e,
4b0b53bc98,
fd3a622954,
e34af4fd97,
0e8aa10a4e,
29148dc95c,
56a15cf6ca,
b99969c2fb,
b0f3142cb4,
5ff525b74b,
4fd80e66e0,
e77a8f8f2d,
4ea7102112,
6a14956779,
7c2fcb712e,
cdd172d6a7,
d2a21b3cb7,
799e17e7a7,
0a49cdbdf6,
4a13c1093d,
9407ce6ccc,
820f19ca44,
683bb73c09,
0d14593b11,
9ac13b3739,
16ee71e6df,
f5d47f04f5,
e131c496a2,
bc6d7b4364,
c87be630b5,
e4ad1684bb,
f7835156a5,
03bb148b87,
b47c430fda,
0234e16010,
be9ed19513,
bf7240df91,
2f883c6eb1,
a1320a5050,
d72a60bee8,
bc9ebe0002,
64ddc1f8a2,
03f6b8d900,
2d475b1b23,
87473f5175,
7a09871d21,
96ec2855e4,
45cf9ba329,
bab68144cd,
fc49e426f5,
a172818c9e,
036191bb61,
3ef85c201c,
ea348ea738,
fd10f463c9,
e6e02e1be6,
8112c62d00,
0f89951346,
f3ec0395b0,
37ffa83550,
cb8c730261,
be33b5cb9a,
4fed31099f,
de288eb45b,
7ab82d9fda,
9d8a45d308,
d25c4179f6,
6cd35dd82e,
65275b51e2,
9fae9e3145,
e515132ae4,
df3c7485ae,
bd8ba2ad7e,
58be40735c,
b5a0a16fd7,
044f146e5c,
a8e17db0cc,
abda0ac082,
b01506af48,
53969f2468,
4df63939ef,
f43efa3560,
c89e41fc7c,
b9ec075666,
ca333e378d,
5a91b175f6,
ac00adda49,
cf9dc7479a,
005e2e60d3,
0b1fad03e9,
2c72a5582a,
af0778ed50,
1e0416ec46,
1e6f72ea44,
cc930f7aa8,
9c202174a3,
b9a1df7a8a,
7b3132d3cc,
5f80970983,
f008d91039,
c223721eed,
7f8a3308f8,
3f7adda0a4,
6c60cf0bb2,
f77651be05,
aff740a028,
c3f1116734,
4b57011c85,
cb4266c560,
dcb3bb2912,
f61b40624e,
b6d2229b03,
299fda8c5b,
fbea09d42d,
1b62e0c672,
2452a0aa6a,
8a821c6d63,
0f93ebfb23,
dd655c5aee,
e94ceb6edd,
61e8b484df,
5be41389ce,
bd0f0ebc57,
772ba56ce6,
390f00c85a,
4a680661d5,
e2505e6219,
0d85e6d515,
086671fad9,
9c99cd9396,
f35cc8bb35,
5ba64af2fd,
dbd82ea5bd,
8b6c53f38b,
e8cb7f18bd,
9ea273deaa,
cf0d831059,
8f0bafc9dc,
0888d7dab7,
04d3c2d056,
8bbaca6e4b,
4a9529e753,
8be2d4f69f,
d9c10546e6,
90be8eaffb,
8ba332dbbd,
1086c26e82,
b357b9e7d2,
0050eebd18,
426cb788e5,
d30d23e543,
04a204382a,
2bc1a7126b,
a2fb29c072,
a2bbae6c4c,
0ce30035ac,
b3505b0aa7,
99fcc18a8d,
2b6bc6920b,
d40dd3b17b,
5aa8a5280f,
7dd57c2598,
0142108215,
f4aba8da1c,
9cf9045a3c,
1962095a32,
9acf7846ab,
e4d58eb70f,
791b4a40af,
0c415791d1,
3bd0bff670,
c7f27553b8,
a717783c80,
5a2add1cd8,
5999397144,
54a3eab849,
77b6b38e7e,
dd6ea8c37a,
af08dd0be5,
3cd447856a,
d7765a3fd6,
509033a1ff,
b09f14d65a,
3160620b36,
b2e3ebc647,
1f9644b008,
1fee7a1358,
42d3659c3d,
8746563ae3,
01fb29c047,
065e4c2dba,
d0380dbe70,
d0c092c3ee,
ed92ed183a,
75d0302de7,
96c5092f80,
ddbc8dba62,
80b61dc4e6,
37897b1693,
7a4af13b01,
000ceaec55,
97cd2255be,
bebfd966a0,
bebcdc05ad,
e2ea1af68e,
25c3c99b1a,
ee27c73f40,
f90a6f5da0,
49e9fe8b96,
b34a3e3d72,
0a96d05fdf,
ab3f55a84d,
0437867c21,
80ea9ba96f,
4914c3c579,
33bb4fcc72,
f0da745521,
351d279fba,
b5237966b8,
55cec41587,
2cbc372326,
8997a62a75,
bce5834e03,
a9b9f7a878,
d72edc0bb2,
2fdd2501d1,
5fcaa99ec8,
3dfd82c60f,
16f31448e1,
bab04dc463,
109b636fa5,
cc29d748cb,
bf4b4c0f0b,
64b297c15e,
bc1fbaf4a1,
f59d8d766f,
8a1bf14c15,
acfcaea70b,
97e53162ff,
c0b7788e74,
15c531b290,
23efa13d7c,
c44b286776,
29ed43caca,
6693f9c143,
94e0c7c638,
6114b48cb9,
32463a2751,
65ed990460,
505f50a90d,
481e268403,
5ce968f9be,
52ad93b3fe,
e892068fd3,
226adfd977,
47f11efc72,
d7b1ac80c4,
401cc22f49,
583bae2083,
f003be5308,
49ce2570e5,
0693a85163,
4b273cd32a,
22003c0e96,
0fe049b7ea,
3d1184dabd,
c2392d49e0,
a25ccabf06,
9b3fcf1668,
d7746b6b68,
86c20cf6ee,
393b22b6c0,
3c03dc0dd0,
25e2db9995,
d17a3a37e1,
58f1b52257,
32489d483d,
00d907ce33,
a7f2db128a,
d39e6da95c,
09fea0f3a7,
31eb8ebd2a,
4dda8fd71a,
e4d6a48aa7,
d0b52412b8,
14acfa72dc,
c6d6fbb9a6,
797f9cddc0,
4c5672e236,
d35f126ad0,
efdff6dde7,
4dd3339756,
dd3cd66574,
e83b4e9bf0,
7a27c3a84d,
19de569235,
66f1863628,
3690fcb40e,
bad6311330,
75499e3bd1,
27d6472b81,
80995dff29,
ca2d9efd4c,
12bb670169,
70b4033f03,
8df42cd45a,
82bc030c0d,
9d6473d14d,
146257b271,
2fbae49319,
b56108fc36,
ed54440a2e,
c135b2cef2,
48c3502151,
5e6040afd3,
3ea60172a0,
96e1deb162,
819626535b,
fec3cae0c2,
89d9167173,
dd911923ea,
4f8c391159,
403847cf44,
dad1d09bfb,
56f5217a16,
4a9ef1f9d8,
5a42a51462,
c5a584d398,
fee936fdc3,
2813c4cf7e,
2246ed3d84,
1b1243d0b5,
09042bf466,
40e3087f9c,
ad94e8b662,
fc0b053a31,
9f2a0b0b2f,
7516f86838,
2492330594,
9aa7d6a58a,
083e4f782b,
ba5e02305b,
9f4bb12e13,
7a01848c2e,
ae285917c7,
5575fdaf3c,
af3fbd5681,
db7211afbf,
23602f214f,
c3459bc0bb,
f02eed05d0,
ff7126ea72,
567ef8c2ed,
d50a4dc3bf,
d6bd94911e,
23bf2d69d2,
a6623df1a6,
34409c9b8a,
6a36ea6690,
c5ec3e9e37,
e74d67a818,
b09824d000,
3af70d3bc2,
5e5cb6d0a9,
0db9bf3e1f,
4de0e1bb73,
9a6736745f,
8d40f9e62d,
727e51734b,
db23b82d03,
e03a74beca,
80b171ef7a,
d49d1b7de1,
4809e143db,
0edb544179,
c50f940f43,
9a27ba671e,
27c4e1f089,
9965c5a810,
4f6d52cbd8,
6c0bac4f19,
e692bbaf63,
365974d586,
32db5fc0a5,
600c58d8b3,
792c269f24,
2c6f1f637b,
c6322a85c2,
3aa450d12d,
10ad2966fa,
96b3a98962,
b5c13364bb,
06ae0360a2,
060db97af7,
67d5b57919,
a4388148b8,
e43b9a1497,
527b27665d,
dbe35b6a0d,
92c4eadecf,
b1cec36547,
1b5dea3fe9,
8d8c915ea5,
9b46f1ae17,
1c68a5f609,
b9a6b682b2,
092c10bd84,
84fd3611d6,
9b8052833a,
f9bdd41842,
13c47e9bc8,
9a1eaacda3,
8645bcae50,
b70c6bf768,
f67575d0e9,
ba93b78cfc,
77c659aa89,
303a1773cf,
aa8b44f1b2,
bf95b25f9d,
b21b048c1d,
4f7cba2eff,
31dbbd2bb4,
a7506a67a4,
b2c81f2c95,
99c5936498,
7315faa6ce,
132462ca21,
a7225483b3,
2dfb1e0fe3,
3a013a37a6,
b70639aec0,
0b5a804a3c,
78ccd0cec0,
1c464c8953,
29da8ca76b,
9d414d77dd,
4d05d59122,
5a2393940b,
2fd9eef1f8,
938c32de3e,
0e3d04ed05,
9a0fce6d7e,
32eb024489,
6af90a76e4,
2b68738448,
af087c9deb,
8823244442,
9bb06e4848,
717e76b467,
3b6fdcc518,
f6cb27e38e,
419f3e9ef8,
f29654c873,
7e46f3f92a,
43ad351369,
853ebd7b47,
ef60a2d1e7,
983088f2b4,
50b353f751,
c4cad35b0f,
9c44566550,
32b28d840b,
d576839165,
86f3b2e352,
ef1eb004ff,
36bc98037c,
faaf6a6f64,
69789cff46,
586a76af3d,
dfd9f1800b,
e0090fba83,
d9e1b10a4f,
0e5d9cd378,
1a82a50aa9,
57ee48d640,
e0794d1a3e,
2baa1924cd,
c3261537c6,
4acd2d7380,
259ab53f07,
c180265483,
1e7956b538,
c8a9799256,
9fdac069e1,
e27ea173e0,
e468a185dc,
fe626ba958,
995db37ffd,
a539826f28,
5efc764068,
e133dbdc62,
e74af209c6,
aca7565010,
cac874449f,
bff45fe27f,
60521a571e,
3b6a25d97c,
bcf13877f7,
c4a8602e0a,
4e06f98760,
62aebe35b6,
0237b6fd87,
c860b3f840,
cfdb8ea6d8,
935a3c2bf5,
c1e33be64e,
000b3211af,
ffa3258a83,
10f2498c35,
35674461fe,
4c086d6a58,
d6a8cee69b,
8e4553e921,
cbfe82ef26,
9fb92f7504,
49ffb6b465,
ed0ace22bf,
dc346c6f1c,
178b3ca782,
0e83e0955a,
6d3596cdb3,
696a2abd8a,
26d169a9e9,
52fd9f56fb,
2f7b589c41,
1620bd719e,
6e805ea65a,
08f6036add,
ce4b5fe266,
792c97a352,
384a8c1c53,
8c08631422,
daed8640af,
0c79867978,
fe588dce16,
30b5985a07,
c3e87ee9c0,
5bbfbb31da,
41cf23c2d2,
e027169ec6,
6c843b2f56,
29736d30cc,
2da7ae1656,
0927b99040,
a35cb60975,
7e49648b99,
b7234b7720,
5bbef6942a,
c9e5ca399a,
d7607b8133,
2d5206550f,
13632b763a,
f841b0e812,
09e0880c54,
bf2419a824,
2fac1b845b,
15fb68bf9f,
a93afddcdf,
8ec2997024,
6559ad2e3e,
a2867122b8,
17deedd7a4,
d27429521a,
273aa26c3d,
c12a98d8f3,
0a60d11178,
58b7571313,
a25f8983ff,
9b172f1737,
c016333e85,
63ec4e7de6,
7796395821,
4f2e517832,
b3b338bcd0,
add95c3198,
c41d259d60,
3099b7261b,
15892f296d,
d12acf4e01,
dad3160e52,
598603422e,
c3c79502f9,
02b43cd23c,
058f39acca,
90af5c843a,
200f2b3566,
85f882c027,
5496094dac,
866582d5a3,
cb20977501,
ddfc2cc8b3,
0de656eac1,
6be59d11d8,
31d260e718,
b22aff92be,
96cc75e508,
664d148574,
6872aea3a9,
21d77a32fb,
5d8cc77f93,
803e9c0931,
16ca8a5ecc,
038c049e2a,
28e1999323,
438a7d203a,
0117a03b6d,
cad99e531f,
4987bf323b,
ba3e84e67f,
b2dc59805a,
797aa81fda,
0ea64bcbe6,
4e7fb463e0,
b33c27ad85,
50eb2a08c3,
0ee55890a7,
eb9c11eb52,
cf16d0c659,
f7aa65a988,
b8a3fea60e,
5389177883,
e59fd12277,
264f1af9a0,
d19724f22f,
9d4dfb1f9e,
e6b380cd3d,
993c6eadd2,
7993d38b85,
42caab438e,
b5e7df1efe,
017a0bbb36,
12cfea907c,
43449f0068,
795556dc39,
38e8111514,
18ee9d146c,
f5e9c0eef2,
434e673353,
8b8932427d,
c5f383c0a0,
103459e206,
8def10379e,
74af7e0835,
bb53ba1a89,
11c5c7850b,
455ef3e9b6,
d761530c7f,
ed1e06027c,
47b4e91e39,
0b39781a5a,
8fbd0b19e6,
8429087609,
7900f25fbc,
312868ebb2,
5f2c04acd4,
55b8e44c02,
106aa6d022,
4975dbda48,
a3145ba47e,
7e19629684,
3495e809b3,
a1b67a24aa,
a0b1828b67,
311985067b,
c392253b42,
62f3e63c1a,
2942ed51f6,
03798acf38,
fd1ebb37c3,
478a005e7c,
9608ece440,
e6b24b7014,
105b761a2c,
cca7cce9c8,
d0b2e14355,
f27f60c847,
5380d2b0e5,
38148a3e98,
b29ea1892f,
7dd51bdec1,
409767144d,
c627db4613,
9fc2217d38,
d14b33ede0,
e7ed611f06,
a61d4c6048,
74b427ffa8,
c7568067cd,
8a6cdf6832,
f4d1a681af,
f81d71d2c2,
029a603b00,
e6826a5aa5,
1e41208494,
23f4fd4385,
aa17c6f797,
136b1926c9,
6f381bb00f,
c0d5be8bd4,
e09b90939a,
ec835dc0b0,
eaf90c4253,
41a96b7954,
e5a26fb323,
4e5d66beb2,
4c5a7e6ffc,
53714350ac,
b4401d6b4d,
05ff657624,
dd72ee1430,
094e0509ad,
0182dd7de1,
5b70f8bc73,
8c280d0f80,
98c02118e6,
f4f24160c3,
80420cfe74,
5f1811bb3d,
c7d3ab998a,
7abd932d50,
ed298c6e5d,
3257bafde1,
2c150a0703,
2252c58ab0,
7d933d9d21,
f6400f56e9,
4477b985e5,
66019ddc8f,
a7cf141043,
4b2b16581a,
e1a3e4575d,
719934e5e0,
dcba201932,
a55208f877,
c13f8a6154,
e0eeef2f3f,
003816f151,
69c36e5f81,
898c63c69f,
b01100d6c6,
131da67079,
2a83e56667,
83b44dda65,
b3fa6e5c24,
03e41eeb4f,
83fc759a0b,
ff9722bca7,
ebf6233a5b,
9e4228219d,
25ce9a8b1b,
ed6a316e8a,
4244aec072,
90751fc00f,
c653189d96,
9b2b40dda6,
e4838b68a2,
0ce20ef06e,
fb030409ab,
ae1b11d7ec,
8739e2666f,
e9a77e014a,
7920a12924,
8c091fb754,
d3e52b51b7,
4addb8e422,
f18b102ad6,
7720aca199,
6115285ce8,
a7af432585,
28db608c0d,
7e45ea194d,
4760319f17,
f3de150883,
7e82aab535,
bcc50747b1,
357483f649,
261a5bbd14,
b03e2a23e5,
ad37dcf4ff,
5cd1ac2c57,
7f0a146e26,
3626f85ac4,
cbd04fb4eb,
b8f7efe383,
d2ca4e1d3c,
8eedc5a2ed,
3b5aecf8d6,
a154540c08,
48801ef73a,
91412dffcb,
68a9b81741,
458f7b2493,
cf05148ed6,
c963a42282,
3d17d4b72c,
eb79aabf05,
21d05898d3,
e76b1c30bb,
2c5f261ff3,
d3935b8571,
2a35e976ea,
3d128b58d0,
67348350a4,
93b5d1bbea,
ed6bd3958e,
45e3f93e9b,
51051cb758,
b84ea78203,
441dcaef31,
b4e721aa1e,
a92e8ab2a1,
31d77e5ff5,
e887fbdfd5,
78094a1191,
a447f480ec,
e2fdad0321,
67cafda653,
356bdefc64,
d6ce1fc670,
d613b00386,
507a584ae5,
2418966865,
6247a1db0b,
e48cf1bff4,
6e693017f6,
2c60e1c7a2,
b770afa9e6,
fe7c9215ae,
472c3e2c41,
0d7697aa10,
fe09df7e91,
33eb5a33be,
bab53b4152,
f877442216,
311740836a,
80aff8d880,
fe89e929f4,
0f4be91a14,
5225c062f9,
bd499c0bf7,
483bb46b97,
dacb6d78af,
98b6544758,
275fa7a3f8,
346ce6428b,
086bee572e,
22df86426d,
63dcc7d29f,
f7ac9e16e5,
59159f2163,
c7fc03de4d,
002bb8f1b3,
d112d2e5bf,
c762607c42,
09b5db7af0,
aa51082711,
d4b544abff,
ea1e41d586,
ba28fe48b2,
39e9f0e449,
209de29f24,
52aad0e22e,
21ab400cb3,
e93220b868,
57ea442d4d,
88a120f336,
52fc580b72,
3dc1ed5f06,
fe2f3f3359,
e170fafd8c,
b38df0845d,
cf1739382c,
63e434fbf0,
43d10bd312,
6230b5c435,
c6bc7536ef,
c8caef9df3,
213eae85e9,
dce070190c,
8db4aaef4a,
cf95521362,
c1dc0dd0f6,
951e093497,
5a34a7e52c,
59f6677324,
9b0db4e33e,
c9e8281f8c,
cac1ba6f5a,
da8a88b872,
196e5dec12,
811dc7e401,
a777619b23,
8cdaa4f6d8,
6aa5004916,
ff7949688c,
309706ed4f,
29091877e1,
afa094db6a,
b694518332,
2d76387d6e,
0b3588bf63,
0d401237c2,
3922543d77,
e3082089c9,
564c21df63,
2c8062a094,
515793e794,
c435fb9416,
c5279762d3,
97eeb0161d,
f0f6fda1f6,
e8ce4f8bdc,
c881dc16e9,
89d0aed1ff,
2ef49da640,
7db53ed89f,
a2819eaa7a,
37b50ef2a5,
4cc7d9995d,
c0abd616ab,
32058d2bb5,
0144252776,
0c8dd8b628,
c80d7e9b26,
102384b03c,
f97b498af4,
908abc1bd1,
0187f448b1,
e833f3a85d,
f980f61df3,
07b57f906c,
18ee7c255c,
f7dc083f08,
6d43a06459,
44da06d16c,
938f7e936c,
ffd54ac7f7,
e1c4ad96a0,
68e6a47c75,
05f4f3ddc3,
026d3b6611,
aa7362d09b,
c10d6fac3d,
d554ee2fe0,
8534e70d73,
a9bc0bc35d,
4b2b6a59d4,
80a1ed08bf,
cebe0fc8d3,
a1833e30a5,
f820ad932c,
9e25d010e9,
a3b686ba61,
5d9b0f4b31,
7e69bec42c,
422cd4f89f,
d78be7b22e,
95db70d9c2,
f2f05cbdae,
ab43c568d8,
9b04365a55,
2f136d0402,
dc4fa42628,
1cd62f2da1,
170f84ffcf,
c8e099fef6,
1e1cb8d9a4,
9d968ef838,
ca10e6b390,
d59c09da6c,
16b8e23839,
e9dd5ad752,
a1ac7a0543,
56395aff30,
356c8f7848,
8d85d53e36,
320a6e56fc,
88c2d7f95e,
0740ae9f9b,
4d7def819d,
50c0004af6,
bcbc9b5e75,
93236f076c,
be4b907022,
760723a562,
f66a3af202,
6e60ed6d59,
9c01aa6afd,
412790a2ed,
266d2b648f,
4683236241,
3b45abf7b5,
9f8cd8c991,
c3a4f9710d,
1914dd82b2,
51a31aa9a1,
7b9f3f4f39,
88c7658eb5,
474b02cd39,
a5cee2035b,
c7e1468a65,
5a877ae4b8,
b8a77cd14c,
b2bada7873,
aab1caabf0,
7240ccb4b2,
c26aabf505,
4f05a05989,
f4c7e939ef,
1f2a8f57c9,
9048ec6e22,
c8a8b0e791,
3cb4d10927,
112591001f,
0b91f39c27,
bc28048a07,
9f32a3213d,
8d548b1783,
fc7842b0b4,
3285374ab0,
d2141d6d47,
c032793654,
8bb73c2ccd,
0996990dca,
c635a113c8,
88a4261005,
11b14ae498,
12005b65fc,
dbabff5048,
0415387eb8,
d26016300e,
e150ad9d31,
5c0e819f2b,
462978616d,
75dc8a3ff6,
a9a725abfa,
ef1debc105,
5c2ae1e5f0,
b820cb8056,
dc6dae7f3b,
3d0c74e523,
0de2a265ef,
86ae985c48,
cc3b05f756,
5524acce17,
b33e54d9c8,
f288113937,
1137d77ecc,
496abe9ad9,
5b204b5429,
c0414a6961,
65bef2f8c9,
65e715d6e5,
4b34697ec5,
36c50ba510,
cea5b3f191,
aa221b6a7d,
ffcd5cb36e,
cb8ff954c0,
af9a810c77,
d98aa88591,
a7977acf38,
5a9faa4da8,
1b8c3ffa29,
aa1a163174,
a4bb5d0c5c,
24e58e264b,
01f2c9bae6,
e02cb0c9a8,
3f8df1fed3,
4b8092674a,
ef7149efd3,
c00890fdfc,
e3592de395,
ad970e1d3f,
098f6ce321,
2cd5a21fbc,
fcc4f3baa5,
b86fe0c61a,
ea1b1fd1bb,
ec00ec25c7,
17d1fdde01,
91de6a547d,
6e8fb1ede7,
fd9f6c3e21,
c3892f8e77,
639aeb628f,
ef465b57eb,
e0ead16a3d,
b09213d54b,
79256fbe62,
5813e09e81,
50d03d593e,
6816923abd,
2524332d66,
1900a6978a,
e8d9d9671b,
c69ccdfa56,
3c6723fa1b,
85e2495324,
16b52fbd17,
755bcfd6a2,
fdc09f2f0b,
1643564ce1,
b4b9d74b06,
b593189c2d,
7a83b8c7e2,
66762b14cd,
7d59117a75,
a769b2340c,
4d31092a19,
fc4660a609,
74450e128f,
337ebe2747,
9db7e301b9,
7013b54ea6,
990c3cf35f,
10c5d92ceb,
b8293bb838,
cb8cb99053,
a22d319e5f,
4d3de34efa,
8e092e15ed,
356fce670b,
1ad6adf2ab,
53dbbbdf7d,
5534df9445,
ea390d1f7b,
7880cbca66,
58aa2e3401,
d65a8658b0,
3e99f423ba,
d1b38c33f4,
0345e7e526,
53eacec2ef,
ad2d036578,
9e5e8ab6a4,
47126dd509,
e9ef9a00e9,
3da51fc31b,
ddc89d5956,
499f7fe7dc,
1f35cb2e27,
23ea783065,
dbae8ffc58,
46e5a5f63b,
b9d896f209,
25080c4bad,
760b2e5dfe,
580f2c99e1,
e243bee98c,
12b499b4ca,
95410148bf,
3acd68b4cb,
f3933c4b73,
245e5f25e2,
70740addc0,
29d1ec5e7e,
78a3ef0435,
f71ed6b273,
abc7f39d90,
b145670ac9,
a193f3b9e1,
cccb3d7081,
07ae045cbe,
a5640db7a7,
cc1a219c1c,
1eac051f9c,
31f2861133,
8e65e54144,
61ee532258,
52020ad422,
7bbc5a2473,
dd2a769f04,
b4ebfb22c6,
51bdb4d865,
f948e704f4,
87fa9ce0c5,
f734459c4c,
5e14887b13,
85eb03d6b8,
7909fa421f,
36631a41d0,
8f11bf53a2,
7e21d8a7ab,
2f00504c96,
bc14c389af,
dae7a3eeb1,
9b7811b2e0,
06b8d9e26c,
bcd7910701,
7c229b34c1,
f26105a320,
0a5e7d6cb1,
b34a3fd669,
05810a7cdd,
8531be3694,
70187852a7,
31d03bff54,
2938f51a3a,
a153babf33,
4baf1c6930,
d409e4ce46,
dbc696a3ef,
237b093176,
2b8b0a7d10,
a8a1e94417,
c99820b355,
4841c38e53,
bd3b30d13c,
8c03f75944,
570a5c063b,
383aa5ec8b,
038a99e313,
8862c02132,
d83606a58a,
9412b17d47,
db76d74945,
f873960a48,
aaf69acf6f,
361b6281a6,
1fb696a58c,
51f56d7464,
1b673ea212,
ffe02fe3f5,
8255b23e72,
e108bb4fa1,
9599acaca6,
3bd6b2df8c,
c281b14817,
93eb6effbb,
30abfb5b07,
419862456e,
5c8a453297,
2bbe1f652e,
0eb1ab3558,
baf2ccb1cc,
259a4c12db,
b56c29ed7d,
f1f8d50eff,
f61ae5403a,
97fd42d38b,
72624c934f,
20967289f5,
bd5f768159,
9b1060a30e,
704dfebd66,
1177c602c8,
92866f7b8c,
13d0b4314e,
892b8a0cf8,
5d8102cab8,
3fcdacf90f,
17d1a66db4,
4d22612bb6,
3cd2b0d233,
da72cfc9cc,
fd57cd4c4e,
0a57a17968,
a9e176a76e,
41ff25c568,
064b2cc709,
00b7a60703,
6896f19343,
cce4a3ca50,
c9d4cf96af,
733ac52be6,
cf1a0bb3c2,
8b1ef2334e,
d31c27398f,
9f42f42b4f,
98cfd1162e,
00c8cfed18,
bbe85e3495,
0cc4081476,
c45f5fb9e6,
7e5457bddf,
d138ab0b3a,
6ade83d96d,
fbbeb51073,
74b57c43cc,
f7638c4126,
562c683a44,
1f403981ef,
9358a6253c,
628bab2c42,
d934e438cc,
548b9da461,
e0f9a074cf,
5fb992345d,
590ede849e,
b78e0c4c19,
02073f1c62,
112da4faa0,
1d3c1b4821,
70d05bf740,
816bbfcd52,
40760ea4e8,
d6738c3768,
e0d893b360,
e344ef4cf6,
84f961fdb2,
c002c2eddd,
7369cf2fc5,
543a06c64b,
1047b78606,
62dd5efb10,
4652d96d01,
1f9019bba5,
e8a7f5e1a3,
2f2721c6fe,
9c52e5ba66,
d72748e39c,
bb96cfef66,
14c6d8edd1,
44c3407b4d,
6f15fcf64e,
5a4ebbbdba,
6ee991d0cd,
9932b9c033,
8ba9d3448f,
f6f7382036,
a93501213c,
703a5708f6,
683149f529,
9a00c7fd06,
9a1177c3fb,
226dcfa96d,
e4364d95c3,
b14b4d5209,
f04b0ca7f2,
44c7e944b9,
fb6110efb9,
61c907173c,
2334ad25e6,
c2484278c9,
e39cb0ca13,
5f54c3d4cb,
62e1413e85,
d7b287d1e7,
67ff57361c,
762a44afb6,
1a38bc0602,
a0c3ef4a01,
de2a14a465,
94488794d4,
12b631ca7b,
95dfefd4e7,
e637c11dca,
3775d15b1d,
7f62c60ffe,
a5abb95859,
e32bcc9304,
f4e8990f70,
2f9f6f89cd,
a86d48a430,
1e2e4371a9,
dd3dbdf77e,
8d4c510735,
4ea8274298,
b521edea57,
a74b7578a5,
173738ce2a,
674bb5ca74,
6e424d5ccf,
d4305524e2,
e71ac19463,
ab464f70e6,
d546f8c422,
bab26fdc24,
4f0c1d97c4,
24a7c7e988,
b7b0f4fb71,
6957e5f1bf,
ee87e14bee,
0f9b915617,
f3afed1887,
51d74124da,
bcd831b113,
f39c65d9ef,
1a9933a4fe,
c4453ff2b8,
a3f0f32135,
f433396b44,
6388c670c6,
bc3032341b,
b7c1a22a62,
ca66e5e4b6,
be16255b41,
8fa75341d4,
d147a9feb1,
afc17894d4,
03b569041c,
ea5c577cb7,
9891da8fff,
5f42a2d026,
d3a576d221,
eea9145f1b,
49ec0f5742,
7b65e54ea9,
80832ca578,
be226efbd2,
0b581d3f9f,
1973abbb06,
7c6b2e810a,
ab07a3fe36,
b8d1e767b2,
efba862a1b,
d109999477,
cf64d19714,
cc153c2a35,
c5556624b0,
f46d274a8b,
910a250227,
ab52225ed8,
f40d533a23,
c336250f8f,
f23c1c4255,
896289196c,
02624773ca,
31a107dbcf,
eabaf375f4,
51313cb3fd,
42ebd9099d,
6ac3031bc9,
666f836b32,
6e41749ac7,
98f836e4b6,
88b6d952b6,
f6d56869b1,
58272bcdb4,
5ded2a1364,
6612e42b28,
c10ae302bc,
980578403b,
de0673a07d,
dc0f5bca14,
787df2fd0f,
36f885a911,
acf54fad30,
8b0054a807,
4bc7d627ad,
6bdd5e9d7e,
af706b4c58,
4987043fd4,
e7f2b44a1f,
cc53e85d21,
9508bfc99f,
3ba9e80d1d,
300c739684,
e056f0a268,
a050668b78,
887e90ff88,
047abbd04e,
b6d5af9406,
fd34ad6207,
278c0dceeb,
b6f66e0621,
1853fae31c,
87c799a397,
4bc4d97503,
d11816c1c7,
0fe8023456,
a9b19af9ee,
6d65d9dc54,
5f91766356,
62c9a90f1d,
2d5b920414,
b96b9ecc3c,
a0e8168015,
4f9ee6208c,
e5339e66dc,
7811012154,
2d361cdd4d,
eeb047e369,
f7378bc34c,
d682402e60,
2983528f77,
4bb00e884a,
4e4e9c3802,
fc6128f4e5,
bed26c1d7f,
b6262b919a,
61eae11e5e,
536116702e,
1ee5496252,
baeb21b26f,
d8f4aefacc,
1f7717fc7a,
70932f6376,
eba3cee9be,
a5e47d75c0,
10b36df3e0,
c027e514d7,
3dbb8c1489,
b8c518e02d,
eeff416e05,
a267dfc19a,
3d1d381278,
8d36ad290b,
bf6727bf27,
3864a39777,
e84aa8b193,
defc8b34af,
4e43ad756c,
0f22984306,
ee9eaed59b,
6dc625db0d,
671f6900a9,
0e0424c9bd,
e6c2edcb0b,
9b210c4a6f,
4d461bba2e,
b733d36b6e,
68c674acdb,
6cadda7b98,
79a28b1ac7,
92d94fa045,
05a1b09ce9,
e6b01d5777,
2c4b87059b,
8c5e613c41,
6c31bc1182,
5f4e052208,
8485d5828e,
3735770b07,
4c395ff61b,
cb673d84af,
4ad37ac5b7,
929b5c888c,
fa959f2dd3,
78d89e7c64,
127ee02f19,
f6c69d962e,
4a653d8227,
35eb97a484,
55441697a6,
49a1fc4061,
2e49927901,
f85c7e5ead,
6033018ee4,
0c35e093bd,
7069dd2486,
7a78bcf308,
894e948ead,
fa89412e2a,
12b2075369,
0d77390e74,
8f3fc77f66,
df0f568747,
67a5d0a19c,
0435d42f80,
1e633e1874,
81950f02a4,
0b8b37ba52,
aeb0593edf,
e09f5b6b95,
f60dbc9737,
e0e9cb3902,
3ec9a1578c,
349251e2a4,
07c4438a0a,
441e2a5a82,
09140327f6,
2fadf73014,
ef5ba215b6,
440e8fc447,
7eb1620dec,
bdc7de6846,
d2565af489,
4ed4f2fce6,
ecc58c9428,
915ce84b4b,
4d194d770c,
eed1736183,
13ca815d01,
48a90031bd,
1c14b45cee,
242de9277c,
b287d39fb3,
0986073590,
081ac56240,
095410237d,
3cf6817f75,
edd38781e4,
d664f99182,
e8ddfa3959,
502aa24ca7,
3861b033fb,
86a28f67e9,
83c92f835b,
8d138ab15b,
9e8665abc5,
d4623c0bd6,
75ca238abe,
ec8507eef4,
65c1831198,
dcb745bcf2,
cb1a68137c,
a4d578eeb1,
64cf7657b9,
650fcedd22,
0e0b4a2960,
106a999786,
6c18eab109,
d792349406,
dbdbe24969,
5a3c9bf459,
f61861742c,
2a69a25949,
8d02587ab0,
6940969fb4,
06aaa8e680,
f4052e9331,
35f539ffa8,
736f2bd7b6,
35e15c616c,
4104064854,
d5c25dbc63,
34b7f333cb,
bdf9453e5e,
6c409292ce,
ee89b16825,
9f0147e874,
1962233e5d,
f2d120c26e,
10c841e57b,
5aa568e0a4,
2c9aebcb01,
101a8b583a,
e01eb1cf88,
7017d6c8cf,
4793312f15,
ed539778c1,
198854f289,
d1aa96a414,
92fe747a96,
02077519e6,
784fbab498,
a3dff88c1d,
1977ce206b,
21c6854561,
eb9b4d2431,
0b3b751482,
932af12853,
aacd4d0c3f,
ee35fcd036,
44daf50a02,
7623079330,
e64b0cc77d,
780ee451f1,
59ee5ff2f9,
001e4be1ab,
363460c8f4,
5be8565b8d,
ecaa478ef4,
acdbccaeeb,
fc28b797bb,
5a8f396cb2,
06a6314076,
82ea51ab18,
895cec1c48,
8fb50df8d2,
37fa199c50,
121b9c13c2,
451880b8a6,
c08a90abbd,
23dad0b69f,
470f2669c4,
53aae02026,
ec946f285d,
0b25a31b7e,
d2a3207aae,
5dbb7ae2a3,
151779dfad,
c4393e4cba,
88051e4bea,
845495ffac,
241afcd4ec,
eb85ce805d,
a04227ef4e,
98c11bdba8,
11634e3bf7,
944cb46d62,
c9dfbf4275,
1c2a41d71e,
c5d1af4ed5,
8c582b0575,
db331541b6,
82c72d7fd0,
ade8ce79b8,
80d96cab37,
2a054d9205,
2f8250d0df,
0c83190ad8,
7ebaf21cf7,
cabf8f9dea,
706a860942,
5de3c34293,
327f378bd9,
9d187014d5,
e4f5ac16a7,
7120ebfa1b,
1b64ea8f30,
954f523ded,
ed4b3d03eb,
87187923db,
bd13675621,
e389e41385,
88375a5f3e,
7257f9b2b0,
d80d99b28c,
f6d3caf9ed,
a00246028f,
57f432f582,
14193ff01c,
07a8205fee,
11e23ea0ed,
9198679ac1,
348804d270,
dd7a9fb210,
839095ea38,
fb10c20429,
f52e7e5a88,
db4a79059a,
9114d80bac,
7674cfa90a,
7dc87b5fc5,
6328fd1b81,
0473875c4a,
3709c4e1be,
962ca0488f,
846d43bc8f,
aa6e04fee2,
b84d47c65f,
646d1df036,
b00763f904,
da60c4db48,
ebecd8135f,
5b584d38ff,
eaf8a522e9,
4e38efebc2,
3195d34e5b,
8d2be5bfc8,
6788d6c565,
fd7434a0e9,
3e3496c6d4,
81defce8a3,
62ed3d6141,
1219ed4a21,
9c90694664,
c35b8dbb8a,
b39dbc6ee5,
3df0f721e1,
e9c8585ad1,
2c9d5de236,
f3912c1463,
fc5aa0f34f,
ce71d002ec,
dab7f56791,
4c1733246f,
cc1f8918df,
76f0861133,
074b2d89dd,
398d591255,
f8d8ebaf8d,
a267c3e874,
c6e5884baa,
b1ddb9811e,
e30721df0d,
ac4a84a76c,
959c593450,
f20074e0d0,
259b075523,
19365e33a0,
78b24a76c4,
00276ae6b1,
3592e3ebc9,
79c57e46eb,
54eba9eb73,
e17302312e,
360af83c85,
4331a46aba,
10502f22bf,
6d7cbd206f,
5be9ccda69,
0dc0eb905d,
a29a76a54c,
63491134ab,
4fb2131d08,
2cec07986b,
5e84445c6a,
fd5eece5b2,
7b88197891,
3ba8596881,
ee6febbfb4,
fff97388cf,
e54c45018b,
2a2c1635c8,
ca929837eb,
046af350ac,
19f108c62c,
7a897c9999,
1aba7766ca,
575e4a89fe,
7e8212f5f2,
8800a2d912,
e05fd863d4,
09a5b9b958,
32b129dc3f,
b4031d0753,
e7a0f7ac99,
a9da40eedd,
3c9419868b,
0d45e4e926,
b667160840,
587cf8a61e,
89ac21e1f6,
6769efef8a,
b1f6fb88d4,
34a862a739,
5da03690bc,
bc7b967aea,
9be622ea54,
faee4563bd,
02baa25e55,
e162b84433,
156816e845,
c13b15d9d1,
204d6510c6,
fbd510ea84,
2793cbbfab,
490734b764,
b106a248a9,
9f9a4e2bb2,
6e2c555beb,
838c1184b4,
b04dcbb3be,
71c6b00c21,
81de3c6143,
bfb0644d9e,
f02bdad05e,
f57f3b6265,
16a66e0b8c,
84c5b0a3f6,
83e576fd29,
9946895c91,
49ec855925,
ee51d32074,
ab5b510355,
d64eec0d6c,
75b30e5358,
514b972ba8,
bd90c840ea,
3ee7e1cbb0,
e5599343e7,
0b20eef5b1,
790af846a5,
f6e3a6dd55,
abc1500c46,
9d6fc9c77a,
73e548424b,
316d5aeaf6,
7907132523,
43ee9d3c82,
a584ebd602,
3d4b0a81a6,
b303da170c,
9f7da3aa4a,
e22beff480,
a6a3368db8,
389fc0d397,
1bed6bec2a,
1ca1423c00,
778c5660f8,
9dfd003f1e,
f61d7dbd8b,
f5d5f1fd33,
6be041409c,
4c79259b5e,
9cd32dbec4,
675ce92149,
1d84094014,
dc9685bc8a,
b7e17b2bde,
903cce2dcd,
1c1077af54,
c625cee17b,
6c82821920,
ced1083324,
1d428212cb,
a4ee41dc64,
12da846f8e,
4f1a7d1d2c,
d901264a08,
61ce1c40e5,
8dd7e34100,
6475c6d26d,
b681aef9aa,
5423cf0811,
ace8edef1d,
8b3811c819,
e9174e5bb2,
0b6444627a,
960ade8bfd,
a8bf8239bd,
33680fc87e,
e0264b2a5f,
25ce655a84,
25f1991c36,
84fcf21a64,
7de5a7e4cc,
389a3e653c,
4c0329867c,
20a5175d49,
2785576a5b,
b7299d0e70,
e035aa9fe3,
5eb31e181d,
1281b062a4,
54aa9ae3a8,
1d18c624f2,
9fbf0d59cc,
f2a92aa5ff,
0d737380e2,
592b350f6f,
4363c63d9c,
533a5604dc,
437f792822,
de168e6328,
d60072b03a,
8986091fd3,
3b743ded7e,
79e7a9ed8e,
dabac40552,
b0cae38eb0,
96e77388b8,
3e9ba7f25b,
4fb0995de8,
e711c03c57,
52576ae085,
2b049dbcb1,
adc5ea18b3,
5c9645561c,
ef329bc827,
841a5cfcdf,
52eaf44b44,
895de1648c,
9e972c1093,
ebf2a10961,
bd74c21c43,
a6aeb0b520,
24afdc75e3,
0d4d5b49b2,
78819d2e53,
91c44d5912,
11aa4945ff,
495299c926,
7f3b118605,
3da6270b02,
9a2689017d,
5eea04087b,
7058fc87de,
95189cd3a8,
40ae4f1f0c,
d24c474353,
b13981be78,
44b0b41b62,
a2c8b8dad7,
4d818fe6e0,
b8d9a368ae,
0010bcc0e2,
58c5bad2d3,
7407e1cf5a,
0e3d0b5ab5,
c0e5365bf0,
0be9ed25f8,
04095b70bd,
64b8d96644,
68bf3f1fec,
8e3b60deaa,
341ed728c7,
f585c22106,
888b3fdf3e,
540f0477e3,
79852f9590,
32b2c8b924,
94e0366b6d,
094681e31c,
6641548d60,
b05be3118d,
291b817092,
f837a046a9,
a567459a1a,
4cc3d3824c,
e959cf04e4,
271bb5e6b7,
c8b610923d,
27d0c01bc2,
b86d2cca27,
9c11756ef3,
7bad0b9772,
c6881ba0e1,
81622f137d,
82cdd851b7,
911bd25026,
a64b23f5e4,
30e7967de4,
f45a9649fb,
da5c3fa1ef,
22e5e3cad2,
3ba549158f,
a975e49753,
c3541b6a2f,
40e1ca4ab0,
08d8063529,
36aabd3627,
8f851c59f6,
a351659f85,
33ae501ac5,
3775f77081,
cff0e3e256,
0ac7e72578,
b854daaaf8,
85117f3ab3,
daa651cfd4,
85de235e0e,
a8e51d1a43,
28825fc1f9,
0796ce6ac4,
416726e6d2,
0e4bcb3a52,
dd77d3f5cd,
bf46ac3c7f,
3742419885,
a203734990,
2b70bcd0ad,
50dd008fb5,
c501544be4,
5b5be601c2,
ddb4330613,
cc0ad12b7c,
4aac092937,
a1ae4e2000,
8b37012287,
856bb40ae0,
cad8db609a,
93a199b78f,
dd49f1179d,
5f455a3147,
1d5d10eedf,
16357f7283,
5657eb8429,
65c7eae9b6,
ebb86c4db5,
5bf798868a,
756d255e40,
4d21d7611c,
131bc4a304,
0a2c386597,
71617c28b6,
656e4dfa55,
fb08563a7b,
5c04a86c88,
94c3127153,
226c11669d,
79e554fd60,
582e5d7420,
f18ed21359,
206aba0edd,
1f2445122f,
ee100f96c1,
e939fe583c,
a1f42c0c89,
2cebd75ed4,
5921dbcbf3,
e1db1eab6e,
982b1c05d3,
afd2159e57,
533d941f5f,
38c4f74767,
f50fcc36b5,
676b733c57,
1aa65233b0,
f422f53b7f,
04887b5405,
f7f3dc7102,
081a4e8b31,
1f45286504,
6ed0958471,
2132f07ca3,
6db884e1a8,
9fb3633760,
5181eb11e4,
13cad32c3f,
41a86a9b67,
0b2ccf0b7e,
6f91801792,
d8f089b479,
ded636e263,
52d7fcfd39,
5acf4885d4,
dfe5909132,
59d4b58ebd,
b5cbb35228,
ad1524a0c7,
0382b0a358,
fe9c9f7f2f,
7a4f2f28ba,
4b3a5b41b6,
b6cd695d48,
cd60606781,
32e183bbad,
15e5ad39f3,
bfca4ba8ce,
062ffc4f0d,
5bdecb0d75,
1b59763e81,
a17703215b,
a240940b31,
6c256de604,
5955233380,
51be0f0a7c,
11946e367a,
5d9e44e6aa,
a37538b291,
c9a52dee1f,
1dda981140,
35aa02c551,
dbeef30a84,
67381561f6,
3911f274d6,
ed84aa3983,
822cf03d0d,
670ce5e88e,
10022832ae,
7f8240f623,
f1776ec89e,
2ea6cb3bd3,
877130d7e5,
1937abbaac,
0a36e72ac2,
e4fa21bd2f,
cfd68d702e,
b5da09a0f6,
53a531c7b4,
32739ec46e,
054d16c70d,
b1195a418c,
2d782345bc,
b8b975d265,
4b1e5d7c3a,
5898290010,
39f74c5153,
3949bb2591,
ced0bb0d25,
5428d6a1dd,
3f09fa2af2,
cee062574a,
166332e48a,
8f25eabe4a,
3c41934098,
9c1e71d5e9,
1cebd63a24,
8e48929733,
6545e365a0,
b221ecd789,
c28bdcf8dc,
43ee369d34,
9093f4a84f,
b432c9fadc,
87b8d7449f,
36589d3c2d,
5055018a65,
28013de754,
df82999f38,
ccd4caa001,
e10587e6de,
d41721b745,
fc5de3287d,
96ed7455c3,
1cf039efa9,
ecfcc8230f,
3b5d1cc375,
5dfc83d141,
7a7f7181c7,
38d2b216c7,
5f58dc8b36,
b8332c63c9,
da62e66fac,
d3ac1634fc,
ae5b8cf7aa,
2fe4f05a35,
aee0796720,
5b6212874a,
49d708c7b8,
360583f897,
123704488c,
3d22669847,
a47a7599e3,
cbb9d08353,
43cf42df19,
82319bb9ef,
0f7696a955,
5213af0cf4,
c400b1fb2f,
225e7973da,
9a9fa3f033,
4bf04f6e67,
989ba2d8e7,
cb4adb2254,
e4ecd62689,
adb0fc398e,
46ffb6bd0e,
20bf68a459,
e0f831f552,
968910f054,
5cc015ed85,
380c3d243a,
489b7fc86b,
05198b8107,
3c4cd5a819,
d276268ebf,
78e07d2075,
e7a714bd8a,
9c8ad0b932,
f765bed159,
3e661b33eb,
17029c297a,
565e68ade9,
d4753cae10,
601a57c65a,
17bddf4bf3,
127260366f,
42a95b10b3,
9630a8a60e,
02b6664fc0,
74e71ffd48,
2bb3411362,
172b9d5155,
a3893b1fce,
6bdaadbc09,
949020a350,
d8d52d2cb2,
63a1fa4db7,
8362ba6ae2,
89d0e4972c,
ac4f58fce3,
e8641ec31d,
a56416d946,
efbd798924,
eff365b5b5,
53e1fc3b18,
e52e2ecfc5,
49c713c76d,
855545a974,
e96601d516,
dd3d4c2edd,
cb7163bb37,
788e29ae5c,
eaa096c532,
f602450df1,
63983dd792,
1981e74a66,
876bfcc38c,
a8d61ff137,
a375a16694,
f420223044,
75b9768faf,
4c973ec65f,
f554f3fa53,
ae12877dcb,
101bf94294,
a1b12787c2,
8645287c66,
c8384a0df6,
60fbd17c2f,
51600bf195,
94f0a2521c,
1c5ca67cf9,
07b995a175,
5664973d05,
b1caa80c14,
5afa60036c,
c0aee462ca,
d4834cfc49,
ab6d4ad2fa,
54717dab38,
80db97bacc,
47617218fe,
656a58ba47,
03d9dd414b,
4f2bf0e4b8,
de20a4f9ba,
ceab14b717,
c2645bfd2f,
9f2322eb66,
19693f5997,
d1732ef2a9,
fcb934b1ea,
acdd6596e6,
f4c5160e40,
0e3f632892,
0b8cd8a6a8,
29d1f7e4f6,
264871e342,
e4bb03893d,
cab95c99b8,
d847cf8346,
babe7f5404,
63f47fb1e1,
bc9097ade0,
34ea29707a,
cd00966e36,
40d5393a6e,
3db940a3d7,
9a2c6ae21c,
fe584461ef,
f7c49f422f,
95dbb10a09,
68e1b374ac,
bc3d152a07,
77de10258b,
7ea7deb09d,
4805e663c0,
85859d775f,
f61a3d6393,
89a5639a24,
454c890bb5,
20eeee52df,
e14bd46ac9,
36c1a56493,
88ea8d1421,
5e80e58699,
1caf64ff52,
70fba04997,
570c1a92c9,
07dbf16cf0,
dd069f5bbf,
414734257e,
93c0d86282,
2b2f63eb2c,
d8c30b8a27,
1efbccc936,
8a768f4305,
b9b4e92118,
67447c7a51,
a0450b3745,
d3c0cd9fba,
70db92882c,
54919bf6ea,
2ae6fffca5,
0a34728a30,
cfa90fa221,
ba59e4ea3d,
1115490075,
c4df4b1e33,
1dbae05df7,
04d19a025b,
df566d4c87,
25722484f8,
94f554867c,
7f5c419a7e,
e3a8728252,
333f3d42e2,
4e643cc041,
55bfdcf9bf,
564d996422,
3a07e1cf57,
29a6fac317,
4c2cb5387a,
d0a4b8bc09,
484373037f,
b37fa20e4e,
6dc1aa9db8,
ba7df25a0e,
4178eae6e8,
d50b0a5b94,
f99a3c423d,
5fa63f624b,
5b1260de70,
3b26122664,
b1da216450,
e818eb3851,
3c58b704f2,
0fb19285b2,
b8e35a07a2,
df8b63c379,
f9752f3768,
d760e45546,
914ab55259,
42590d5199,
aa4724b924,
5683fb4e31,
d73e917df5,
b3d1523864,
3555ac7c01,
118e2d6168,
a17c16036b,
96f3650135,
d528912ba9,
b3920a7615,
226df3194c,
7ae1f564ce,
f1f5baec38,
d05b0f464a,
bbbe1a1a9b,
31b002108e,
8af4011f58,
55210b6e39,
aeb56209ce,
5026e37179,
6d6e5c1d96,
bf580a287e,
31d102fb4c,
4d3c23d2e9,
3eacf08209,
b659d14173,
e78f6d920b,
6d6e1944dc,
1c25a69c6c,
4862263051,
97fb7ec718,
18fbdd718b,
c7f60af36c,
c467f58715,
c8a1dc1f03,
6e059414a2,
e337f23744,
70fa6e0152,
096ed753e9,
46cd71439a,
66dfc52d42,
6647959804,
0754d96b4a,
12ceb7565a,
ace00f13fb,
15e2731c37,
8628349c27,
99e466c1e2,
1e4e4b607e,
54698d6dd1,
b3cf47c9c0,
bd213e5f40,
c964730131,
052fbbb0a9,
39e873ffd4,
e2c48f0201,
19cc63aca3,
5d713d947f,
f180c62405,
808aaa8dc6,
2f43347970,
632ea65f37,
79f4e2fe31,
3cf7d3cbea,
20a2a8c3c8,
5875847743,
15db00c707,
904af41287,
88fad37761,
b2dc9aa460,
4c2003055a,
e2eaec80b9,
e96ef28e55,
1eabe43846,
c83acf7a6f,
ef2f959764,
32ad62e131,
da15c4b003,
670244dc63,
38b6b897f4,
be346f0d98,
be8e327d50,
0c37fc95e3,
00688f0441,
1ee78ef6e6,
98434ae90d,
ee55b5844d,
520e9b5484,
41e9e0fc5d,
934ac753a2,
b943a19a88,
efac7aecb8,
318bade93d,
ecc56a776a,
3c048c6a14,
0d63dff2e5,
1fc3517acb,
4ef9dfdd0a,
fc0d5427f8,
9f69f15ca6,
2d6ecef1de,
6334ad4725,
fe9b205b30,
3266de0475,
ca1d744985,
81ef3d303f,
1f163ffa8a,
896669ae51,
f8393c572a,
87bfbb125b,
1738ee7f17,
41e53f9cb9,
d948eb5d1e,
c9c0e975c0,
f3e83b7d22,
60b050c72a,
7037789f98,
1c66900f85,
02aa2d95ca,
69728f3226,
3563567f97,
e19f77eaf8,
c3e4e319b8,
d2be8d7fd4,
e57eafee65,
a42e148220,
f5e5205d2e,
96a8112f12,
b9cb67bd1c,
18219a326d,
306795507a,
4e05652b8c,
d24bdd2844,
1b4612b286,
ac75f9e59f,
7a5e6a6349,
bd115d950b,
a875ccc879,
70d2e5add2,
943b1558e1,
252a0078c7,
f245456ba5,
e9c03baff9,
5865232bd7,
a16f652927,
acf7eddf2b,
da39cbf3e8,
3d054d1072,
e4891b511b,
da37487780,
be78fe3df4,
a30a9b4003,
ad0dd05c20,
f347bda133,
861f5b2008,
27e3a4acfe,
8628c6df3d,
fd871c70ad,
f525424cfe,
f3afc03b4c,
103c6425c9,
6fbd9f3ae7,
ca8ae20678,
cb349ee334,
e5d88bca69,
63d6ff064f,
df9709f719,
0828b1848f,
3f6bf57365,
e1b0bb3509,
2d8d4624f2,
84ba2c6195,
eff38f3689,
fc2a587094,
3e5c571a1a,
cc7e3d0e3f,
3ed3cffe21,
d31f0597f5,
47a47bd1a0,
bf9189459f,
199d624a97,
c23bf94285,
a3cd0a7228,
4219979931,
ab925cac3e,
e2bf49618d,
d6dcf8c5ef,
d4aa6a714a,
dc78ad00d3,
0a49d88d14,
ca75f7e584,
d18a55e49e,
620741fc16,
3289389558,
1496a45408,
a4b7cca240,
f321d7a256,
e1dbabfca3,
f4855a1986,
92b95ebfbf,
f8d2395684,
a4468f0e74,
850681c6b2,
6999d42bd9,
07a3ac5a80,
7f4a82153d,
84548ab6e2,
9c65f93a2b,
448c887bd1,
e19ed00091,
b59a892581,
be6d61ef42,
6b6ff812c1,
f02147d638,
a85e779682,
52e7b6c3d1,
8247622f9b,
df320b92cd,
5fb30f858b,
238f8d875e,
02883c7ab1,
3593dbe193,
9b186b77f1,
d9bc353713,
f4032fd33c,
93b34b1964,
aa2c27ea07,
2e56c6a83e,
2e94c6bf84,
a1b435d7b2,
c5628b1962,
0aec5ff9a0,
09910a212e,
e5b36bbce3,
d8ea663169,
5773cb0640,
8c5d6357cf,
d01966504b,
02ea3e88bb,
1e52917c17,
4d5a01ceea,
656119dd86,
f68a3ece4b,
22d22bda0a,
f2a3b9d7f4,
bc3c21ca4e,
b9285b80a9,
47e8896447,
c2828fbc35,
a4ab64c15c,
da4a26cd96,
3b388efbe6,
449d73bf4f,
c63415814e,
c818fdf4b8,
da76e6c8e1,
b9798fcba9,
b40a435ea7,
d6606e8167,
d9564b50ef,
0d769aca27,
23a614d341,
c4a00650cd,
5aa8c0daad,
adf5be9ada,
343c2dd395,
e64a4d5361,
facd1f468e,
11a3a0fb9d,
61fde0e7e6,
769c8775bf,
24747934b4,
d79f6eda9d,
e8bbfed756,
413eef8c27,
90fddcbca5,
33745d82ff,
59b63d3b0f,
032fc2b3a2,
739f17cfe1,
4db44fd32a,
06ed7a838d,
fb7e52a340,
7574ef7536,
e2d8e05859,
6ff99dcdc1,
6e0abe59f9,
ec1dd094c2,
6471ce79df,
7ae4f41a31,
44da94a9b7,
a3dc4cf37a,
b2309cd1ce,
34e4bf2b94,
6fe5a83801,
f87b8847a9,
948fd09708,
8244eb7ae9,
f446d26bfc,
da3dd37b70,
a7a5cb1584,
16fd300910,
6a818203a8,
3102d159d1,
0eb06a4076,
4454e4d53a,
2b18f3c81f,
e8e5d28fb4,
c3feee17fd,
eadd269ce5,
fd5ee5b52e,
b454c1364b,
77e57c378f,
e24b1487e4,
41bb347c8c,
d7f63d1bb6,
13ff4f0f99,
34533b5903,
63c7425486,
44c1c813a1,
8e34972820,
bb8443d7e2,
cadb7e8823,
65019c18cb,
126e2e83d6,
42d4d17693,
8837fac289,
1fb1670192,
669c709c0b,
c7e52408c8,
f6f96dd249,
f8456f260f,
51ddb4abcf,
15a017a8e4,
089f2af7b9,
28bd0fcd11,
f79609f1b3,
8e7d2d0ea4,
b847eb1075,
f923746a3f,
80279a9e74,
5d3d18f13b,
6debbd53ee,
f2906f0420,
a7f12fa546,
a72c5d15b7,
bd4c861cc2,
5ec14d968a,
ca2896a372,
416e6352b9,
2987cae592,
692cd6a34b,
7067e6046d,
c4210150ee,
bd095b4751,
3dd127f4af,
8bdaf388f3,
9ddcd3f037,
0457eb75c2,
598d35cd58,
472fc56661,
d46052706c,
6a784b0c72,
16466d0ff2,
68a6cf591a,
04c455e820,
eae7117612,
548e2f1e34,
32a34847dc,
4ed24c845a,
fc73012712,
fa8998df98,
e540ebed83,
e2591a4f5a,
ba443581ae,
1e7bb0e6dc,
3629287285,
f4eae403c0,
8d86885941,
2f6e1bc40b,
62bb51eb64,
3f8fc09752,
e62ebf8ec0,
9662de1204,
44bf854f69,
0b583242d0,
b8846d0a50,
898b9a9338,
cb5041f872,
144e6fb3ad,
43288822ee,
9a6c971e84,
a9edef474b,
09a2245f93,
3a42bc3485,
3c343d4e1e,
b7259fcba2,
d2443706bf,
842e9e031b,
8dc2975248,
a838619ca9,
7ae1499198,
6c5002df01,
2c0f4ee9e2,
c8cfe01c4f,
e6f7199479,
b9b983a83c,
08ad89c6b0,
edde6bb21e,
fb1c0ecec0,
e01f6a7ec2,
6068de7168,
5adce8e8fc,
ed3f95dd2a,
c7e96d2411,
5e6cdd7c91,
2ee99fc907,
52c2bbf770,
311f189ee4,
fa3d1d0975,
7005fce01c,
0a4594beed,
667e216a44,
cddefa4364,
5612d59230,
0690c4b873,
f589c8b60d,
79331f42cf,
1038091281,
653f3adcde,
5a17107aba,
8dd4c2b501,
bf4c610e53,
b1a2c1b94c,
a624cc6757,
7c5b5c6f96,
397ef3478d,
917e217975,
a657e300d0,
1872e32e07,
c5698ba3eb,
6cd9991cca,
2bb759d569,
926f9f5895,
b4ea682d4b,
c2fe8bbad7,
0d7f89029b,
a0e7618e7a,
12d70a758e,
d86941ec1c,
9de7ee1962,
4cb6f71974,
10db37e108,
881affa1a2,
82582f6d17,
10b9feacd2,
9f89432794,
684b2dcea7,
2f8444db6c,
8e8ff8dc66,
27bf96d1b5,
21af13b50e,
daaff3f5f6,
836dd77850,
0197e3ebbc,
796110430b,
3f09c16e52,
8f892ed3b2,
a8e2c45625,
6030362588,
323e67716f,
cda2c56cef,
7cb093f4c3,
a9b6058320,
197bec62c7,
5db58f4182,
bbf1006316,
3eedba9550,
b9b532f7a2,
3a23f53b85,
736f85408d,
2bffd86b55,
b4d1c8c080,
c5ee1ee772,
138fa4e0f4,
4bcb9c582c,
756300c03d,
e3ba5e82d3,
700c41e7c0,
f19f0c1482,
f637b48a5c,
6fa5a04599,
d54d4de7e5,
71f389a974,
7b05d819ee,
1e32ad1b17,
e89cbe91e0,
b22895c538,
8353cc778e,
10e991f020,
128a73fbfd,
a3c5d75bbb,
2b8fcaed04,
37daa255ea,
9508aeca0c,
5d47d76ed3,
a0840086ab,
9f23e5d8f5,
c7a59f50c3,
7ff53f335c,
e96c25a560,
56c08b2df6,
d08af78eef,
fdd3a09897,
aef284756a,
84a2eb963a,
df2a0c498a,
8230f9ad74,
ea7e409dcc,
cf1ea9af3b,
b29a9ec749,
9d6e14002f,
051025ff7f,
30eecabd12,
fe51ca37d4,
75dcba6339,
74676aaaed,
cec0440736,
c4f4b37c8b,
65f5ce236f,
66f40f0026,
e38fab54b2,
d67edb73e6,
0c0d180b5c,
e739d7e64e,
2e982cc27d,
3ed1480471,
3e99500fa4,
00ce730001,
ea57382c80,
0972b54c53,
3b8b4be00b,
755a345dc8,
88a4e96eef,
d881666768,
998b50607e,
a185f0cc24,
6cee199f3e,
34522a55d8,
dc513a682c,
cc75fbff94,
fdd859e2d9,
e0c0860417,
f0854a3951,
356411fd5a,
c780b84d97,
3e7c1d3c6b,
e79ca3a450,
5609c1212e,
8c8e32f76f,
dda6145689,
f03669fe8c,
7fb2ca19e9,
25ea895560,
2b6ec32c28,
894a3f680a,
c258bebc27,
e53f3fb1a4,
9cf0c77bc1,
9e07e4f596,
bb14e1f4cb,
8f65a41e73,
c29116d111,
efb43fce11,
7053623c26,
72ee8deee3,
6ffc960726,
586e68c59d,
04b57c4359,
e33459f8f1,
43c61eb7a3,
a7a96b2c1d,
87cd836d7b,
a72f4f357b,
ad5d8a84c1,
18a11e8dbd,
2e8bd923d0,
ebae3ed394,
10c55c13b8,
b26843421f,
f3c6e98737,
b9ade6591a,
3ae98f1cae,
3477bb4c82,
193fe8822f,
b631ec4bfa,
6913d9c30e,
07d608a03d,
d0ce0ab587,
425c9eb614,
43790fc27b,
727cbe5970,
7d0291358f,
9dec21d822,
3d90ad58ee,
12b08fabd2,
f97b6d38ed,
93370a10dc,
3ff2b333c3,
ec9c43fbb3,
99fdaff40d,
0c524f5e69,
1783b5eb60,
932227184c,
00f377c634,
b99ba239de,
1f9663bb46,
23d8ccab77,
f59bbec4a3,
a37b6c27a2,
1d06a9cc02,
e124c79abd,
5a5d7e4d2f,
bd3b5dbd9a,
12e0187cb9,
ea032bbaaf,
e42d0e6e9d,
946573f031,
2d5051cce9,
16fb14a0f7,
8b5e410207,
eaeee872b9,
e8d8465eab,
1a857a38fb,
25694a4e38,
a4b3b95e89,
2e57d38abb,
d6b053947f,
7db93d25c6,
94977637ab,
a028e284db,
513358abe6,
d2dbf84fe0,
9d8efb8db9,
88040d7737,
db4bb26337,
9e2748c5e4,
060acf7042,
5ad2c5e27b,
6a5af5f4c5,
6fe391edf6,
74e36c1c25,
2dfbe0b7fb,
fbd7404138,
a26a75179f,
6a72b1eb3c,
981a6f186d,
d794425886,
2280788f99,
16ac3c903c,
007eeb40ff,
8f44c2f7bd,
da82d37656,
970d89d516,
13d29e0bab,
afe5ce5d7d,
979153b838,
b34f37f31d,
036b210d6b,
5bfc1c74e0,
c1388fc963,
fd1db57dc0,
e7d70b0d76,
f3f0fde02e,
bb47fa7074,
8882fae1ac,
c7b61da1e2,
ab881218a0,
e2b73ce8df,
665dcd4cf2,
0b4a2b2eb1,
0e72caa348,
2c39030bc4,
47caebc343,
2dd1bb7561,
109516d45f,
2c4545ae23,
8ef3dee547,
1944d83437,
967e1b9ad9,
e4ef55358a,
da276b88e8,
c6c2478e74,
9e29d43b20,
1012d3a39c,
e37a7b9128,
e206dff6da,
9ffc800a5c,
e9e0de67a2,
5ebdc7d817,
1d5318a66f,
35182b1866,
5caa73746c,
c3384d4c6b,
95305a8336,
b7df44c04f,
94ba09618a,
dec8c3dac3,
1ef4bca3f5,
95b7fa6314,
9eb21f1e58,
49e25011f6,
0a6580a2ca,
49096c54e2,
1746f40680,
13fccb0fb5,
97dbf6e8e1,
b7f1a0cd1a,
689c6b69c9,
a08d95184f,
d36296a726,
e976f2769d,
1297b5f02d,
d205b332e6,
bb0316a749,
addf08efba,
0c53b2d4c0,
bacb2d1061,
864cddfae8,
0a92e46208,
85ef239798,
7276d2cde2,
d53ddd0172,
064a8c4847,
edef02e047,
695f322a0a,
a35314257a,
2641ac37a6,
7a1556637a,
08c5eb64a5,
6397544955,
afc326749d,
79f88c9c67,
db828c7bda,
08d12b46b2,
b9078fdb88,
6434edb2a5,
93c709ddbb,
261ead9c14,
4bd68426ce,
6ff929e04b,
d26c5024c9,
ae45bdeb6d,
2d0cd25243,
01fdd344f2,
f1e14aaf4e,
cbd87d2326,
dac8af239c,
213f65851d,
41c5bce464,
669a4ee511,
d8999ff49b,
eb96d21b64,
8e2432e61d,
6d68218d8b,
a00d6e8a18,
68238c0940,
0f870b905c,
afd1917b36,
6d3c1d8ff7,
6face8f81f,
291a81553f,
7b2a38faa7,
415e492cfb,
374ab5e6cd,
18bcba79be,
f529745a98,
ba6d7433fe,
056c205514,
ab65e404fd,
0815af3970,
897dab966b,
694a98d42f,
1b5a4bc443,
92ef69c5ca,
4c2540598c,
201c6c35e2,
b3c6a71077,
f78d0594ce,
11cab5bac2,
37c1594abc,
d0c93e2a81,
83d9d8ffbe,
a9b155d544,
37681f23e9,
1305139c4a,
3cdfcc7a2c,
09554aef59,
c25f1544bd,
32cde6dbc5,
4e1101e520,
ed58e3db1d,
daba837f14,
9664d60456,
a29a6f5c41,
a4d9ee1aac,
5729a6ebb9,
b93d5198af,
771545d181,
65cbb266bf,
b93f47d6b0,
ce7efcdd0d,
d18a58850f,
f48211d914,
38c94c08b8,
bb16d5ae08,
817b6da55c,
6bb7fa91b2,
a9b501f7cd,
540fd43bae,
9e734c1ed3,
0145dc9e7c,
bbcf6de580,
342c394b9e,
fa625455c7,
14c9c24f55,
475e19cb22,
e035bf28b6,
a2a8a42a36,
42e4df338b,
c0a39bf520,
645e740cb0,
2bca22c7f3,
c0603f62dd,
f0c1aa8e72,
a24748151f,
4626b8b37a,
caa591cb69,
46632450a3,
7505a3b214,
8d69c4d8e4,
91c6546f6b,
d29e6d773c,
e0589e3ebd,
a4f6100563,
d3d8561006,
c005d6cfde,
bb3ef3c925,
b5eb308679,
936cc72c9d,
1af280ac83,
8034e259de,
d45f55fad0,
a7a4f1809e,
6564a03aa0,
f6df0fdbff,
b8547d3835,
ed036f1d74,
a237d86171,
82dd0bcffe,
89de64f532,
e0f51840d2,
20f387fede,
5d85831fa3,
9ef3a57e41,
2a20862961,
218412b76a,
1d865c0717,
7b474b659d,
73afc6a90d,
00e1d9ed60,
7a059ccc2f,
e4c90cafae,
675d0f99ee,
82369ff2a2,
46f859bacf,
d3b70656cd,
d6788e5a4f,
bef904fa13,
5f72b7df41,
43661e198b,
2cc6d6b3e6,
4ca97418b7,
be2fadb2bc,
1c0b70106f,
4d9a27e25a,
834651667b,
688784c5a9,
7d32d4866a,
0cbab4e443,
d57bd01b7e,
a5912f5b7b,
b0f7ac544d,
73fd2537e6,
20f35978fb,
9a8cde88ea,
9f48b1d3fa,
79bd7de23f,
6b3c3e22d5,
b411bd3afb,
469196b094,
7b65a847b6,
cc28178ef0,
4200e8b73c,
77a7b3282b,
76b40b8c3d,
1b6fe730fd,
2a04e6e839,
f944be482a,
d461b50edb,
d8ab713a6a,
e838d1f366,
885b8f47f7,
ac3b9688c6,
0f93a7a6ff,
9a38abcf54,
863e09ee74,
9501aabea3,
40ada63a36,
c956722677,
1c6ce0a7e3,
5648799bc4,
59fd038492,
0ef8ddf4a1,
50ba66785b,
827fa68ce4,
a60b818d1d,
316a1d0f4c,
1dc7f3d536,
c08d28468b,
043c3b53f8,
5fc6e71643,
27829d97bd,
603a6f30be,
f13fd6b067,
6bda8dca4d,
b70db9bf31,
c9980ac0cd,
8798f0a924,
edef93288d,
9f345b18c5,
5f857f8279,
391211cd64,
b01c4cd28a,
3a92bdf00a,
d24ea15375,
c3c168bc80,
189ea0d26f,
fa117106ef,
f66bda14c6,
cf3dafabb3,
242910ff98,
60e5c2c335,
72b5155719,
bbfe533366,
4cb0ab19ed,
58e2a00ab8,
0a0e2a4f78,
975554343f,
c7be378db2,
87737f8e62,
558fe1316b,
a6687519e2,
91f8e27d4c,
9a10e4813f,
2b31cedc6d,
db783cf66a,
036cd6abb0,
e965e50c60,
b1c36b70a4,
4d2de9d1af,
0c2e7ab834,
0bb5b4d19c,
e5f0e6ef4b,
416863ce47,
6332da480c,
df1baec676,
469e15c5a8,
